Month,PnL
2023-04,12156.250000000002
2023-05,6736.25
2023-06,15026.250000000002
2023-07,26047.5
2023-08,37170.0
2023-09,26731.250000000004
2023-10,-141566.25
2023-11,-15412.5
2023-12,6875.0
2024-01,5072.500000000009
2024-02,44047.5
2024-03,27402.5
